{
  "cosine_normalized": {
    "recall@10": 0.386,
    "mrr@10": 0.1545888888888889,
    "ndcg@10": 0.20845445348962138
  },
  "euclidean_normalized": {
    "recall@10": 0.394,
    "mrr@10": 0.1579436507936508,
    "ndcg@10": 0.21270234064615284
  },
  "manhattan_normalized": {
    "recall@10": 0.426,
    "mrr@10": 0.1620714285714286,
    "ndcg@10": 0.2234441800848732
  },
  "dot_product_normalized": {
    "recall@10": 0.386,
    "mrr@10": 0.1556436507936508,
    "ndcg@10": 0.20922359346979938
  },
  "cosine_unnormalized": {
    "recall@10": 0.388,
    "mrr@10": 0.15782698412698412,
    "ndcg@10": 0.21133238525796716
  },
  "euclidean_unnormalized": {
    "recall@10": 0.316,
    "mrr@10": 0.13617460317460317,
    "ndcg@10": 0.17806546733108594
  },
  "manhattan_unnormalized": {
    "recall@10": 0.348,
    "mrr@10": 0.13358650793650792,
    "ndcg@10": 0.18337999096072463
  },
  "dot_product_unnormalized": {
    "recall@10": 0.384,
    "mrr@10": 0.14565555555555557,
    "ndcg@10": 0.20079777350667413
  }
}