{
  "cosine_normalized": {
    "recall@10": 0.386,
    "mrr@10": 0.1556436507936508,
    "ndcg@10": 0.20922359346979938
  },
  "euclidean_normalized": {
    "recall@10": 0.386,
    "mrr@10": 0.15130000000000002,
    "ndcg@10": 0.20602351474166147
  },
  "manhattan_normalized": {
    "recall@10": 0.424,
    "mrr@10": 0.16579365079365077,
    "ndcg@10": 0.22613386906025043
  },
  "dot_product_normalized": {
    "recall@10": 0.386,
    "mrr@10": 0.1556436507936508,
    "ndcg@10": 0.20922359346979938
  },
  "cosine_unnormalized": {
    "recall@10": 0.386,
    "mrr@10": 0.15792460317460316,
    "ndcg@10": 0.2109455602871692
  },
  "euclidean_unnormalized": {
    "recall@10": 0.32,
    "mrr@10": 0.12741746031746032,
    "ndcg@10": 0.17234266084961194
  },
  "manhattan_unnormalized": {
    "recall@10": 0.34,
    "mrr@10": 0.13369444444444445,
    "ndcg@10": 0.18171822825490636
  },
  "dot_product_unnormalized": {
    "recall@10": 0.384,
    "mrr@10": 0.14565555555555557,
    "ndcg@10": 0.20079777350667413
  }
}