{
  "whole_bodies": {
    "recall@10": 0.404,
    "mrr@10": 0.16912936507936507,
    "ndcg@10": 0.22368096448072833
  },
  "function_names": {
    "recall@10": 0.152,
    "mrr@10": 0.060503968253968254,
    "ndcg@10": 0.0817443041593923
  },
  "improvement": {
    "recall@10": 0.252,
    "mrr@10": 0.10862539682539682,
    "ndcg@10": 0.14193666032133603
  }
}