{
  "train_loss": [
    0.5802876458876973,
    0.32731159155820394,
    0.19333869328081243,
    0.1162608626418104,
    0.07574422490572492,
    0.0517758021772272,
    0.038212121625539,
    0.0290284924011852
  ],
  "val_ndcg": [
    0.22920072621522328,
    0.24850199275437826,
    0.24988623146926997,
    0.2533078277785686,
    0.2551439148793858,
    0.2532098035466523,
    0.25078284138481055,
    0.24980987253875725
  ],
  "val_recall": [
    0.42030094363682735,
    0.456516194848253,
    0.4575363427697016,
    0.46544248916092834,
    0.4656975261412905,
    0.4626370823769447,
    0.45830145371078806,
    0.4623820453965825
  ],
  "val_mrr": [
    0.17121098035405613,
    0.18529782651817853,
    0.18668747444569933,
    0.18885589600968314,
    0.19105650081166511,
    0.1894166737510272,
    0.18756441707857177,
    0.1851581634098849
  ],
  "epochs": [
    1,
    2,
    3,
    4,
    5,
    6,
    7,
    8
  ]
}
